name,email,number,message
Mike,mike@mail.com,123456789,Good day!
Mike,mike@mail.com,123456789,Good day!
Mike1,mike@mail.com,123456789,Good day!
Mike3,mike3@mail.com,123456789,3 Good day!
Mike4,mike3@mail.com,123456789,3 Good day!
Mike5,mike3@mail.com,123456789,3 Good day!
Mike5,mike3@mail.com,123456789,3 Good day!
Mike6,mike3@mail.com,123456789,3 Good day!
Mike7,mike3@mail.com,123456789,3 Good day!
Mike8,mike3@mail.com,123456789,3 Good day!
Mike1111,mike3@mail.com,123456789,Good day!
Bobby,bobby@mail.com,123456789,"Good day, Bobby!"
